paquemelo;Patricia;Azofeifa;Castro;145465464;nomelase;86874123;teppizuve-8946@yopmail.com;Cartago
jupaemono;Dagoberto;Rojas;Jiménez;581216548;nomelase;12547812;gitimohe-0913@yopmail.com;Alajuela
seropelon;Andrea;López;Polaco;165781596;nomelase;63985254;ojexadaddu-6646@yopmail.com;Heredia
cacackas;Cossette;Martínez;Trujillo;163544834;nomelase;12345678;tunapebuffi-3354@yopmail.com;San José
peloparao;Ivania;Umaña;Tames;165557894;nomelase;74185296;upureqe-9036@yopmail.com;Puntarenas
casicasi;Laura;Corea;Portillo;159824571;nomelase;45612398;yfellijyll-2592@yopmail.com;Limón
puercopalo;Esteban ;Bermúdez;Abarca;198547519;nomelase;45678985;ynukyzu-9342@yopmail.com;Guanacaste
umertolo;Enrique;Altamira;Gómez;185634548;nomelase;47896541;pappuxuhass-9611@yopmail.com;Cartago
undostre;Juan;Campos;Mayorga;456658155;nomelase;36457896;axattommedd-2324@yopmail.com;Alajuela
corineno;Lorena;Cantillo;Poecilia;256556984;nomelase;93654356;axattommedd-2324@yopmail.com;Heredia
sailormm;Pablo;Quesada;Unio;216555672;nomelase;71457896;gitimohe-0913@yopmail.com;San José
mupersario;Justin;Snoopy;Ikramia;168459625;nomelase;34588655;ojexadaddu-6646@yopmail.com;Puntarenas
cajamiaa;Karla;Taveras;Tejeda;754783614;nomelase;12457865;tunapebuffi-3354@yopmail.com;Limón
galletasa;Enrrique;Godinez;Bluenso;945874789;nomelase;36364557;upureqe-9036@yopmail.com;Guanacaste
bragondall;Joel;Parmesano;Castro;251675478;nomelase;45451212;yfellijyll-2592@yopmail.com;Cartago
mildsauce;Gustavo;Atriles;Pasmo;876352145;nomelase;64789654;teppizuve-8946@yopmail.com;Alajuela
abetosim;Ariana;Canseco;Sonite;688957412;nomelase;45127812;gitimohe-0913@yopmail.com;Heredia
soleieram;Marielos;Musolina;Machado;354011258;nomelase;45789646;ojexadaddu-6646@yopmail.com;San José
aicercul;Lucrecia;Estriada;Pérez;546980014;nomelase;45896323;tunapebuffi-3354@yopmail.com;Puntarenas
leumasa;Manuel;Capeco;López;249872474;nomelase;78456987;upureqe-9036@yopmail.com;Limón
pichojos;Karla;Tabasco;Rayado;157492368;nomelase;36985225;yfellijyll-2592@yopmail.com;Guanacaste
mammerto;Fabián;Merlusa;Buastos;354684787;nomelase;47852563;ynukyzu-9342@yopmail.com;Cartago
partiohart;Nohelia;Peppino;Corvetas;896856789;nomelase;47851369;pappuxuhass-9611@yopmail.com;Alajuela
flacafla;Yurgen;Lara;Manzano;968457812;nomelase;36985245;axattommedd-2324@yopmail.com;Heredia
gatunasa;Karina;Gómez;Castro;698745565;nomelase;66546565;axattommedd-2324@yopmail.com;San José
perroonn;Bryan;Campos;Ugalde;685454714;nomelase;23568945;teppizuve-8946@yopmail.com;Puntarenas
carbonmw;Josué;Umaña;Solis;165874574;nomelase;33457445;gitimohe-0913@yopmail.com;Limón
bomberman;Patricio;Palomo;Entero;354861433;nomelase;45896325;ojexadaddu-6646@yopmail.com;Guanacaste
picapiedra;Alberto;Cojines;Atriles;354654124;nomelase;36985243;tunapebuffi-3354@yopmail.com;Cartago
ortencias;Geovanny;Sauce;Portillo;354649510;nomelase;78912136;upureqe-9036@yopmail.com;Alajuela
